<?xml version='1.0' encoding='UTF-8' ?>
<timeLogEntries>
  <time id="1" path="/National library/PSP0/Design" start="@1615743718000" delta="43" comment="design interface" />
  <time id="2" path="/National library/PSP0/Planning" start="@1615462919000" delta="99" comment="engeiner method" />
  <time id="5" path="/National library/PSP0/Planning" start="@1615493524000" delta="26" comment="requeriments" />
  <time id="6" path="/National library/PSP0/Code" start="@1615558463000" delta="15" comment="added classes" />
  <time id="7" path="/National library/PSP0/Code" start="@1615856063000" delta="75" comment="implements hash table" />
  <time id="8" path="/National library/PSP0/Code" start="@1615865735000" delta="45" comment="fixing" />
  <time id="9" path="/National library/PSP0/Code" start="@1616073863000" delta="90" comment="merge sort" />
  <time id="10" path="/National library/PSP0/Code" start="@1616169256000" delta="36" comment="merge sort" />
  <time id="11" path="/National library/PSP0/Code" start="@1616514896000" delta="5" comment="valueComparator" />
  <time id="12" path="/National library/PSP0/Planning" start="@1616255753000" delta="81" comment="class diagram and TADs" />
  <time id="13" path="/National library/PSP0/Planning" start="@1616342183000" delta="36" comment="test deging" />
  <time id="14" path="/National library/PSP0/Planning" start="@1616428608000" delta="94" comment="test deging" />
  <time id="15" path="/Fiba-management/new/PSP0/Planning" start="@1617986322006" delta="214" />
  <time id="16" path="/Fiba-management/new/PSP0/Code" start="@1618954853607" delta="25" />
  <time id="17" path="/Fiba-management/new/PSP0/Code" start="@1619066475966" delta="40" />
  <time id="18" path="/Fiba-management/new/PSP0/Code" start="@1619133106012" delta="136" />
  <time id="19" path="/Fiba-management/new/PSP0/Code" start="@1619195554270" delta="38" interrupt="3" />
  <time id="20" path="/Fiba-management/new/PSP0/Code" start="@1619549380545" delta="111" />
</timeLogEntries>
