<?xml version='1.0' encoding='UTF-8' ?>
<timeLogEntries>
  <time id="2" path="/Libreria Nacional/PSP0/Code" start="@1613150310731" delta="2" />
  <time id="3" path="/national-Bookstore/PSP0/Planning" start="@1615571282000" delta="480" interrupt="780" comment="Ingeneer Method" />
  <time id="4" path="/national-Bookstore/PSP0/Design" start="@1615657747000" delta="120" comment="Class Diagram" />
  <time id="5" path="/national-Bookstore/PSP0/Code" start="@1615747770000" delta="30" comment="Stack Implementation" />
  <time id="6" path="/national-Bookstore/PSP0/Code" start="@1615830630000" delta="30" comment="add LinkedList" />
  <time id="7" path="/national-Bookstore/PSP0/Code" start="@1616032301000" delta="240" />
  <time id="8" path="/national-Bookstore/PSP0/Design" start="@1615830741000" delta="60" comment="Interfaces" />
  <time id="9" path="/national-Bookstore/PSP0/Code" start="@1616115152000" delta="60" comment="exception" />
  <time id="10" path="/national-Bookstore/PSP0/Code" start="@1616125975000" delta="100" comment="Bubble Sort" />
  <time id="11" path="/national-Bookstore/PSP0/Compile" start="@1616266422000" delta="60" comment="Compile to fix UI" />
  <time id="12" path="/national-Bookstore/PSP0/Compile" start="@1616280823000" delta="120" comment="ui Works well" />
  <time id="13" path="/national-Bookstore/PSP0/Code" start="@1616090034000" delta="60" comment="Principal Table" />
  <time id="14" path="/national-Bookstore/PSP0/Code" start="@1616187266000" delta="360" comment="Update Stack" />
  <time id="15" path="/national-Bookstore/PSP0/Planning" start="@1615776923000" delta="60" comment="Functional Requeriments" />
  <time id="16" path="/national-Bookstore/PSP0/Planning" start="@1615744557000" delta="120" comment="Creative Ideas" />
  <time id="17" path="/national-Bookstore/PSP0/Test" start="@1616353064000" delta="30" comment="Test Cases Comprobation" />
  <time id="18" path="/national-Bookstore/PSP0/Test" start="@1616356757000" delta="10" comment="Run the program" />
  <time id="19" path="/national-Bookstore/PSP0/Code" start="@1616004080000" delta="120" comment="change Generics" />
  <time id="20" path="/national-Bookstore/PSP0/Code" start="@1616086933000" delta="300" comment="Creation of the ui" />
  <time id="21" path="/fiba-management/PSP0/Planning" start="@1617986035899" delta="149" />
  <time id="22" path="/fiba-management/PSP0/Code" start="@1618965966718" delta="39" />
  <time id="23" path="/fiba-management/PSP0/Code" start="@1619024080200" delta="126" />
  <time id="24" path="/fiba-management/PSP0/Code" start="@1619199125274" delta="92" />
  <time id="25" path="/fiba-management/PSP0/Code" start="@1619384987654" delta="17" />
  <time id="26" path="/fiba-management/PSP0/Code" start="@1619388924127" delta="302" />
  <time id="27" path="/fiba-management/PSP0/Code" start="@1619464595084" delta="139" />
  <time id="28" path="/fiba-management/PSP0/Code" start="@1619485989259" delta="72" />
  <time id="29" path="/fiba-management/PSP0/Code" start="@1619494262543" delta="13" />
</timeLogEntries>
