<?xml version='1.0' encoding='UTF-8' ?>
<timeLogEntries>
  <time id="1" path="/National-BookStore/PSP0/Planning" start="@1615748411000" delta="80" comment="Inicio del diagrama de clases y metodo de la ingenieria" />
  <time id="2" path="/National-BookStore/PSP0/Planning" start="@1616110158000" delta="103" comment="Cambios en el metodo de Ingenieria" />
  <time id="3" path="/National-BookStore/PSP0/Planning" start="@1616270163000" delta="140" comment="Mejora en el metodo de la ingeniera" />
  <time id="4" path="/National-BookStore/PSP0/Code" start="@1615829744000" delta="38" comment="Inicio de la controladora y la GUI" />
  <time id="5" path="/National-BookStore/PSP0/Code" start="@1615897039000" delta="78" comment="Codificacion de la estrcutura de dato Queue" />
  <time id="6" path="/National-BookStore/PSP0/Code" start="@1616093370000" delta="46" comment="Creacion de la interfaz de Queue" />
  <time id="7" path="/National-BookStore/PSP0/Code" start="@1616278483000" delta="236" comment="Se creo el metodo de los tiempos de la cola de los clientes y su salida" />
  <time id="9" path="/National-BookStore/PSP0/Compile" start="@1616363196000" delta="80" comment="Se copila el las clases de prueba y se copila todo el proyecto" />
  <time id="11" path="/National-BookStore/PSP0/Test" start="@1616315390000" delta="132" comment="Se crean las clases de pruebas para el modelo" />
  <time id="12" path="/National-BookStore/PSP0/Design" start="@1616009325000" delta="116" comment="Se diseña el diagrama de clases de las pruebas unitarias" />
  <time id="13" path="/National-BookStore/PSP0/Design" start="@1616025255000" delta="62" comment="Se diseña del diagrama de clases generico y desacoplado" />
  <time id="14" path="/National-BookStore/PSP0/Postmortem" start="@1616422238000" delta="10" comment="Se prueba por ultima vez el programa" />
  <time id="15" path="/National-BookStore/PSP0/Test" start="@1616368338000" delta="14" comment="Se copilan las clases de prueba" />
  <time id="16" path="/fiba-management/PSP0/Planning" start="@1617986059658" delta="17" comment="Especificacion de los requerimientos funcionales" />
  <time id="17" path="/fiba-management/PSP0/Planning" start="@1617987893681" delta="40" comment="Coleccion de la informacion necesaria" />
  <time id="18" path="/fiba-management/PSP0/Planning" start="@1618241369000" delta="92" comment="Buscar soluciones creativas" />
  <time id="19" path="/fiba-management/PSP0/Planning" start="@1618253370000" delta="53" comment="Ideas preliminares" />
  <time id="20" path="/fiba-management/PSP0/Design" start="@1618351132000" delta="84" comment="Creacion de las clases de la GUI e implementacion basica de la Controller" />
  <time id="21" path="/fiba-management/PSP0/Design" start="@1618496045000" delta="58" comment="Boceto basico del Diagrama de Clases" />
  <time id="22" path="/fiba-management/PSP0/Code" start="@1618865648000" delta="14" comment="Creacion de las clases BST,AVL,RBT y sus respectivas interfaces" />
  <time id="23" path="/fiba-management/PSP0/Code" start="@1619302023000" delta="335" comment="Implementacion de los metodos respectivos para cada clase" />
  <time id="24" path="/fiba-management/PSP0/Code" start="@1619367550000" delta="89" comment="Metodos corregidos en la clase BST" />
  <time id="25" path="/fiba-management/PSP0/Planning" start="@1619561912220" delta="38" comment="Se agrego y modifico el metodo de la ingenieria" />
  <time id="26" path="/fiba-management/PSP0/Code" start="@1619484964000" delta="225" comment="Correccion de los metodos en la Controller y en la BST class" />
  <time id="27" path="/fiba-management/PSP0/Design" start="@1619475658000" delta="132" comment="Diseño del diagrama de clases completado y terminado" />
  <time id="28" path="/fiba-management/PSP0/Test" start="@1619404892000" delta="48" comment="Creacion de metodos de prueba para verificar el correcto funcionamiento del metodo insertar en el BST" />
  <time id="29" path="/fiba-management/PSP0/Compile" start="@1619496128000" delta="39" comment="Comprobando el correcto copilamiento del programa" />
  <time id="30" path="/fiba-management/PSP0/Postmortem" start="@1619530493000" delta="94" comment="Se comprobo y arreglo la carga de los archivos" />
</timeLogEntries>
